ref,provider,city_region,type,legal_funding_model,methods,services,target_group_ages,languages,formats,prices_public,waiting_list_signals,credentials_shown,trust_signals,digital_quality,notes,cluster,url,source
N1,Team Autismus,Mainz (Rhineland-Palatinate),Private company (GmbH & Co. KG): centre + academy,Not stated on homepage,TEACCH (named primary approach; cooperation with the TEACCH programme),"Academy (seminars, training series), consultation for institutions, therapy/support centre with multiprofessional team, individual counselling",All ages across the spectrum; professionals and institutions,DE,In person (Mainz); online seminars; in-house for institutions,No (homepage),None seen,Management named; qualifications not detailed,ISO 9001:2015 certificate; TEACCH cooperation; structured academy programme,"Professional design, clear navigation, newsletter, FAQ, accessibility statement; no online booking",Not a Berlin competitor. Best German template for a method-branded B2B academy line (like a future PFA-SBT training line).,C3 Training/academy,https://www.team-autismus.de/,Fetched 28.09.2026 (homepage)
N2,Zephir gGmbH – Autismusberatung und -therapie,Berlin (Lichterfelde-Ost + further sites),gGmbH / Träger,"Jugendamt under §§ 30, 31 and/or 35a SGB VIII, or self-pay; supports families in cost talks","TEACCH, social-competence training, AAC (UK), PECS; ABA/VB elements as needed; systemic approaches","Counselling, individual therapy in the centre, home-based counselling and support, family support; individual therapy for young adults","Children, adolescents and young adults with ASD up to 27; families",DE,Centre + home,"No (self-pay mentioned, no rates)",None stated,Area director named as autism specialist/therapist; others not listed,"Named contact, downloadable concept and flyer, event calendar, YouTube tips channel","Professional, real room photos; no online booking (phone first); DE only",Direct Berlin competitor for families. Only Berlin Träger that openly mentions self-pay. ABA only as 'elements'.,C1 Berlin Träger (eclectic),https://zephir-ggmbh.de/beratung-therapie/autismusberatung-und-therapie/,Fetched 28.09.2026
N3,Therapiezentrum Glückspilze Ratingen,Ratingen (NRW),Centre (also runs a Kindergroßtagespflege),Not stated on homepage,ABA/VB (dedicated method pages),Therapy centre for autistic children; large-scale childcare,Children (early-years focus implied by childcare arm),DE,Centre,No,None stated,Not shown on homepage,"Address, phone, news, events, jobs pages",Basic; no booking; DE only,Relation to Glückspilze Berlin (R1) not confirmed; different domain and region. Not a direct competitor.,C2 ABA/VB centres,https://glueckspilze-ratingen.de/,Fetched 28.09.2026 (homepage only)
N4,Autismus Deutschland LV Berlin e.V. / Autismus Leben Berlin (ALB) gGmbH,Berlin,Association (since 1972) + gGmbH (founded Jan 2025); Träger,"Not stated on homepage; service mix (ambulant support, supported living, residential) typical of Eingliederungshilfe",Not stated on homepage,"Ambulant support, therapeutic groups, counselling for children/adolescents, supported independent living, residential facility, staff training (Fortbildung)",Autistic people from childhood to adulthood; parents; professionals,DE,In person; groups; residential,No,None stated,None stated,50+ years; Paritätischer member; part of the federal Autismus Deutschland network; transparency listing,Functional but sparse; key operating details missing,More gatekeeper/partner than competitor: runs Fortbildungen ('autismus berlin fortbildung' is an autocomplete term). No external-provider directory.,C1 Berlin Träger (eclectic),https://www.autismus-berlin.de/,Fetched 28.09.2026 (homepage)
N5,Autismus-Zentrum LebensWelt,Berlin (about 8 regional centres across most districts) + autism-specific Kita,gGmbH / Träger (part of a larger social-services organisation),Ambulant Eingliederungshilfe under § 35a SGB VIII and SGB IX,"TEACCH, PECS, AAC, sensory integration, social stories, ToM training, video modelling, behaviour therapy, relationship-based work","1:1 at home and in therapy rooms, preschool transition, social-competence groups, parent coaching, Kita/school accompaniment, consultation for families, educators and schools","Children and adolescents with ASD diagnosis or suspected diagnosis, preschool to teens",Multilingual staff; explicit intercultural focus (languages not listed); site DE,"Home + centre (TEACCH room, SI room, movement room)",No,None disclosed,"Autism therapists, special educators, psychologists, speech and art therapists with specialised modules",Scale and district coverage; intercultural profile; specialised rooms,"Professional, comprehensive, clear navigation; no availability info","Largest Berlin player and closest on 'multilingual'. No English/Croatian site, no ABA/PFA. Accepts suspected diagnoses.",C1 Berlin Träger (eclectic),https://www.lebenswelt.de/angebote/autismus-zentrum,Fetched 28.09.2026
R0,Der Steg – AutismusTherapieZentrum (Marija's employer; benchmark only),"Berlin, 3 sites",Centre of a larger Träger,"Jugendamt; usually Hilfe zur Erziehung, also § 35a SGB VIII","ABA/VB, PECS, RDI, TEACCH, ToM training; VB-MAPP","Individual Förderung, social-skills groups (about 1 year), Kita/school consultation",Children 2–18 with autism diagnosis; families; institutions,DE,Centre rooms at 3 sites; Kita/school,No,n/k,3 BCBA/IBA staff,10+ years; named team leads with direct contacts; local network membership,"Real room photos, no identifiable children; no alt texts; institutional",Benchmark only. Do not solicit its families or reuse materials (research doc §8).,C1 Berlin Träger (eclectic),https://www.dersteg.de/unser-angebot/autismus-therapie-zentrum/,Research doc §2.1
R1,Therapiezentrum Glückspilze (Berlin),Berlin,Centre,n/k,"ABA/VB; VB-MAPP, Essential for Living","Assessments, team training, written reports for authorities, monthly BC(a)BA consultation","Families, therapists, funders",DE,n/k,No,n/k,BCBA-supervised,BCBA-supervised quality,Page returned HTTP 500 on fetch,Snippet only; relation to N3 unconfirmed.,C2 ABA/VB centres,https://www.glueckspilze-berlin.de/,Research doc §2.1 (snippet)
R2,Early Learning – Autismustherapie Berlin,Berlin,Small / solo private practice,n/k,ABA; neurodiversity-affirming stance,"Home-based intervention, parent coaching, Kita/school, supervision for RBT/IBT and BCBA/IBA candidates",Families (incl. English-speaking); practitioners,"DE, EN",Home; Kita/school,No,n/k,Lead's credentials unclear,Neurodiversity-affirming positioning,Cartoon/stock imagery,Closest English-speaking competitor in Berlin.,C4 Expat solo BCBAs,https://autismustherapie-berlin.de/en/,Research doc §2.1
R3,Knospe-ABA,Germany (limited regions),Company + Lerncenter GmbH (2023),Eingliederungshilfe,ABA/VB,"Webinars, 3-day home consultations, follow-up days, parent and staff coaching, remote support between visits","Families, teachers, therapists","DE, EN",Home visits; remote; webinars,No,Waitlist,"'First BCBA in Germany' (since 2004), US-trained founder",20 years of practice,Dated; repetitive content,German precedent for Marija's fly-in consultancy model.,C2 ABA/VB centres,https://www.knospe-aba.com/,Research doc §2.1
R4,ABA-Intervention,Germany,Private practice (2 psychologists),Public funding applications (says most succeed),ABA/VB,ABA/VB consultation and Förderung,Families,DE,n/k,No,n/k,Both psychologists BCBA,Claims high funding success,Little process detail,n/k,C2 ABA/VB centres,https://www.aba-intervention.de/,Research doc §2.1
R5,ABA Autismus Therapie Düsseldorf GmbH,Düsseldorf / Munich / Frankfurt,Company (multi-city team),n/k,ABA,Team of behaviour analysts and co-therapists,Families,"DE, EN",n/k,Not seen,n/k,US BCBA lead,Multi-city presence,n/k,Snippet only.,C2 ABA/VB centres,http://www.aba-duesseldorf.de/,Research doc §2.1 (snippet)
R6,Autismusinsel,Germany,Small private practice (not ABA),"Private pay (published prices, reduced rates)",Autism counselling/coaching (no ABA),"Counselling, coaching, therapy, expert consultations, webinars (EUR 29–49)","Families, educators, employers",DE,Incl. online webinars,Yes (low level),n/k,n/k,Transparent price list,n/k,Price anchor at the low end.,C5 Low-price counselling,https://autismusinsel.de/preise-autismusinsel/,Research doc §2.1
R7,Frankfurt Behavior,Frankfurt / Bavaria,Solo consultant (BCBA),No fee or funding info,"ABA, verbal behaviour; Teachers College / CABAS training","Home/school/community ABA, school consultation, behaviour support plans",English-speaking families incl. US military community,"EN, ES","Home, school, community",No,n/k,BCBA; Teachers College/CABAS,Bilingual/multicultural education background,n/k,n/k,C4 Expat solo BCBAs,https://www.frankfurtbehavior.de/bcba,Research doc §2.1
R8,Developing Behavior,Stuttgart + online EU,Solo consultant,n/k,ABA; organisational behaviour management,Autism/ABA services for English speakers + organisational consulting,Expats; organisations,EN,In person + online,Separate page,n/k,Not shown,International / OBM angle,Jargon; two unrelated offers mixed; generic imagery,n/k,C4 Expat solo BCBAs,https://developingbehavior.com/,Research doc §2.1
R9,Avanti BC / ABA Croatia,"Rovinj, HR",NGO (udruga),NGO price level,ABA; own SABT® certification,"ABA therapy, SABT® therapist course (EUR 150), supervision, online training","Trainee therapists, families","HR, EN",In person + online,Partly,n/k,BCBA-led (25 years),Training hub in Croatia,Dated design,n/k,C6 International benchmark,https://abacroatia.com/hr/education/,Research doc §2.1
R10,Udruga Autizam 365,"Split, HR",NGO,n/k,"ABA, speech therapy","ABA, speech therapy, counselling, inclusion programmes","Children and adults with autism, families",HR,n/k,No,n/k,n/k,Community support,ABA page shows placeholder text,n/k,C6 International benchmark,https://www.udrugaautizam365.hr/services/aba-therapy/,Research doc §2.1
R11,Abaterapia,"Madrid (Tres Cantos), ES",Authorised health centre,n/k,"ABA ('contemporary, natural')","Centre/home/online ABA, parent training, early intervention incl. sleep, feeding, toilet training, school consultation, courses, supervision","Autistic children, Down syndrome, ADHD","ES, EN","Centre, home, online",No,n/k,BCBA-led,"Problem-based pages (sleep, toileting)",Clinical imagery with children,n/k,C6 International benchmark,https://abaterapia.com/terapia-autismo-aba/,Research doc §2.1
R12,ABA Euskadi,"Basque Country, ES",Small team,n/k,ABA (BCBA + RBT model),Home-based ABA,Families,ES,Home,No,n/k,BCBA supervision,n/k,n/k,Snippet only; regional.,C6 International benchmark,https://abaeuskadi.com/aba-terapia,Research doc §2.1 (snippet)
R13,"Helen Fiteni, BCBA","Los Angeles, US",Solo consultant (premium),Private pay,ABA,"School/community consultation, parent coaching, direct work, concierge navigation of services, funding and IEPs",Toddlers to adults; schools,EN,n/k,Yes: USD 225/h; 5/10/15-hour packages,n/k,Licence numbers shown,20+ years; free 15-min call,Generic web design,"Premium mechanics benchmark (packages, free fit call, visible proof).",C6 International benchmark,https://www.helenfitenibcba.com/,Research doc §2.1
R14,"Brian Conners, PhD, BCBA","New Jersey, US",Solo consultancy,n/k,ABA,"FBA and behaviour plans, staff and parent training, IEP advocacy, expert testimony, programme evaluation","Schools, agencies, clinics, families",EN,n/k,No (free call for organisations),n/k,"PhD, BCBA; CE provider",Academic authority,Thin site,n/k,C6 International benchmark,https://www.brianconnersbcba.com/consulting.html,Research doc §2.1
R15,All Behaviour Consultancy,"London, UK + online international",Small company,"Families, schools and local authorities","FBA, positive behaviour support; 'trauma-informed, person-centred'","FBA, PBS, school consultation, parent training (incl. online), home/school intervention","Families, schools, local authorities",EN,In person + online,No,n/k,UK + BCBA + IBAO credentials,Trauma-informed framing; multiple credentials,n/k,n/k,C6 International benchmark,https://www.allbehaviourconsultancy.com/,Research doc §2.1
